Workbook

Sheet Filters
A1: HF LPF bank: 7-element Pi Chebyshev (40 m - 10 m, 50 W)
A2: Legend: blue = input you can edit, black = formula, green = link from another sheet, yellow fill = main design inputs (cutoff frequencies). All C/L values recalculate from them.
A4: Constants and assumptions | B4: Value | C4: Source / note
A5: Impedance R (ohm) | B5: 50 | C5: Assumed 50 ohm system.
A6: Chebyshev ripple (dB) | B6: 0.1 | C6: Prototype is fixed at 0.1 dB. g-values below only match 0.1 dB; replace them if you change this.
A7: eps^2 (from ripple) | B7: =10^(B6/10)-1 -> 0.023292992 | C7: Formula.
A8: g1 (= g7) | B8: 1.1812 | C8: Standard 0.1 dB, 7th-order Chebyshev prototype values (Matthaei/Young/Jones; Zverev).
A9: g2 (= g6) | B9: 1.4228 | C9: Same table.
A10: g3 (= g5) | B10: 2.0967 | C10: Same table.
A11: g4 | B11: 1.5734 | C11: Same table.
A12: AL, T68-2 (nH/turn^2) | B12: 5.7 | C12: Provided by you (T68-2, 5.7 nH/turn^2).
A13: AL, T68-6 (nH/turn^2) | B13: 4.7 | C13: Typical Micrometals T68-6 value (assumption, check datasheet).
A14: Power (W) | B14: 50 | C14: Provided by you (50 W).
A15: Design SWR for stress check | B15: 3 | C15: Assumption, change as needed.
A16: Line RMS voltage, matched (V) | B16: =SQRT(B14*B5) -> 50
A17: Line peak voltage, matched (V) | B17: =SQRT(2*B14*B5) -> 70.710678
A18: |Gamma| at design SWR | B18: =(B15-1)/(B15+1) -> 0.5
A19: Max peak voltage at design SWR (V) | B19: =B17*(1+B18) -> 106.06602 | C19: Capacitor voltage rating should be well above this (1206 C0G at 250 V or more is plenty).
A22: Filter | B22: Bands | C22: Lowest band edge (MHz) | D22: Highest band edge (MHz) | E22: Cutoff fc (MHz) | F22: Core | G22: AL (nH/turn^2) | H22: C1 = C4 (pF) | I22: L1 = L3 (uH) | J22: C2 = C3 (pF) | K22: L2 (uH) | L22: Turns L1/L3 | M22: Turns L2 | N22: fc / top band edge | O22: 2nd harmonic rejection at lowest edge (dB) | P22: 3rd harmonic rejection at lowest edge (dB) | Q22: 2nd harmonic OK (>= 40 dB)? | R22: Approx. C2 shunt current at top edge (A RMS)
A23: 1 | B23: 40 m | C23: 7 | D23: 7.3 | E23: 8.43 | F23: T68-2 | G23: =IF(F23="T68-2",$B$12,IF(F23="T68-6",$B$13,NA())) -> 5.7 | H23: =$B$8/(2*PI()*E23*1000000*$B$5)*1000000000000 -> 446.01143 | I23: =$B$9*$B$5/(2*PI()*E23*1000000)*1000000 -> 1.343094 | J23: =$B$10/(2*PI()*E23*1000000*$B$5)*1000000000000 -> 791.69672 | K23: =$B$11*$B$5/(2*PI()*E23*1000000)*1000000 -> 1.4852573 | L23: =SQRT(I23*1000/G23) -> 15.350262 | M23: =SQRT(K23*1000/G23) -> 16.142226 | N23: =E23/D23 -> 1.1547945 | O23: =IF(2*C23/E23<=1,0,10*LOG10(1+$B$7*COSH(7*ACOSH(2*C23/E23))^2)) -> 44.177573 | P23: =IF(3*C23/E23<=1,0,10*LOG10(1+$B$7*COSH(7*ACOSH(3*C23/E23))^2)) -> 72.678384 | Q23: =IF(O23>=40,"OK","LOW") -> OK | R23: =$B$16*2*PI()*D23*1000000*J23*0.000000000001 -> 1.8156477
A24: 2 | B24: 30 m | C24: 10.1 | D24: 10.15 | E24: 11.4 | F24: T68-2 | G24: =IF(F24="T68-2",$B$12,IF(F24="T68-6",$B$13,NA())) -> 5.7 | H24: =$B$8/(2*PI()*E24*1000000*$B$5)*1000000000000 -> 329.81372 | I24: =$B$9*$B$5/(2*PI()*E24*1000000)*1000000 -> 0.99318269 | J24: =$B$10/(2*PI()*E24*1000000*$B$5)*1000000000000 -> 585.43889 | K24: =$B$11*$B$5/(2*PI()*E24*1000000)*1000000 -> 1.0983087 | L24: =SQRT(I24*1000/G24) -> 13.200098 | M24: =SQRT(K24*1000/G24) -> 13.881129 | N24: =E24/D24 -> 1.1231527 | O24: =IF(2*C24/E24<=1,0,10*LOG10(1+$B$7*COSH(7*ACOSH(2*C24/E24))^2)) -> 49.028718 | P24: =IF(3*C24/E24<=1,0,10*LOG10(1+$B$7*COSH(7*ACOSH(3*C24/E24))^2)) -> 76.955336 | Q24: =IF(O24>=40,"OK","LOW") -> OK | R24: =$B$16*2*PI()*D24*1000000*J24*0.000000000001 -> 1.8667987
A25: 3 | B25: 20 m | C25: 14 | D25: 14.35 | E25: 17.1 | F25: T68-2 | G25: =IF(F25="T68-2",$B$12,IF(F25="T68-6",$B$13,NA())) -> 5.7 | H25: =$B$8/(2*PI()*E25*1000000*$B$5)*1000000000000 -> 219.87581 | I25: =$B$9*$B$5/(2*PI()*E25*1000000)*1000000 -> 0.66212179 | J25: =$B$10/(2*PI()*E25*1000000*$B$5)*1000000000000 -> 390.2926 | K25: =$B$11*$B$5/(2*PI()*E25*1000000)*1000000 -> 0.73220581 | L25: =SQRT(I25*1000/G25) -> 10.777835 | M25: =SQRT(K25*1000/G25) -> 11.333894 | N25: =E25/D25 -> 1.1916376 | O25: =IF(2*C25/E25<=1,0,10*LOG10(1+$B$7*COSH(7*ACOSH(2*C25/E25))^2)) -> 43.096803 | P25: =IF(3*C25/E25<=1,0,10*LOG10(1+$B$7*COSH(7*ACOSH(3*C25/E25))^2)) -> 71.738778 | Q25: =IF(O25>=40,"OK","LOW") -> OK | R25: =$B$16*2*PI()*D25*1000000*J25*0.000000000001 -> 1.7595114
A26: 4 | B26: 17 m + 15 m | C26: 18.068 | D26: 21.45 | E26: 22.7 | F26: T68-2 | G26: =IF(F26="T68-2",$B$12,IF(F26="T68-6",$B$13,NA())) -> 5.7 | H26: =$B$8/(2*PI()*E26*1000000*$B$5)*1000000000000 -> 165.63332 | I26: =$B$9*$B$5/(2*PI()*E26*1000000)*1000000 -> 0.49877897 | J26: =$B$10/(2*PI()*E26*1000000*$B$5)*1000000000000 -> 294.00896 | K26: =$B$11*$B$5/(2*PI()*E26*1000000)*1000000 -> 0.55157354 | L26: =SQRT(I26*1000/G26) -> 9.3544151 | M26: =SQRT(K26*1000/G26) -> 9.8370365 | N26: =E26/D26 -> 1.0582751 | O26: =IF(2*C26/E26<=1,0,10*LOG10(1+$B$7*COSH(7*ACOSH(2*C26/E26))^2)) -> 40.912706 | P26: =IF(3*C26/E26<=1,0,10*LOG10(1+$B$7*COSH(7*ACOSH(3*C26/E26))^2)) -> 69.856066 | Q26: =IF(O26>=40,"OK","LOW") -> OK | R26: =$B$16*2*PI()*D26*1000000*J26*0.000000000001 -> 1.981243
A27: 5 | B27: 12 m + 10 m | C27: 24.89 | D27: 29.7 | E27: 31.5 | F27: T68-6 | G27: =IF(F27="T68-2",$B$12,IF(F27="T68-6",$B$13,NA())) -> 4.7 | H27: =$B$8/(2*PI()*E27*1000000*$B$5)*1000000000000 -> 119.36115 | I27: =$B$9*$B$5/(2*PI()*E27*1000000)*1000000 -> 0.35943754 | J27: =$B$10/(2*PI()*E27*1000000*$B$5)*1000000000000 -> 211.87312 | K27: =$B$11*$B$5/(2*PI()*E27*1000000)*1000000 -> 0.39748315 | L27: =SQRT(I27*1000/G27) -> 8.7450599 | M27: =SQRT(K27*1000/G27) -> 9.1962429 | N27: =E27/D27 -> 1.0606061 | O27: =IF(2*C27/E27<=1,0,10*LOG10(1+$B$7*COSH(7*ACOSH(2*C27/E27))^2)) -> 40.341019 | P27: =IF(3*C27/E27<=1,0,10*LOG10(1+$B$7*COSH(7*ACOSH(3*C27/E27))^2)) -> 69.366981 | Q27: =IF(O27>=40,"OK","LOW") -> OK | R27: =$B$16*2*PI()*D27*1000000*J27*0.000000000001 -> 1.9768886
A29: Notes
A30: Rejection columns assume ideal components and a matched 50 ohm load; real parts, parasitics and a Class E source will shift these, so verify with a NanoVNA.
A31: Rejection uses the Chebyshev attenuation formula 10*log10(1 + eps^2 * Tn(w)^2) with w = harmonic frequency / fc and n = 7.
A32: C2 shunt current is approximate: it assumes the full line voltage across C2 at the top band edge. Interior ladder voltages differ, so treat it as an order-of-magnitude figure for heating.
A33: Turns are theoretical (sqrt(L/AL)); round to whole turns, then wind and measure each inductor, adjusting by squeezing or spreading turns.
A34: Filter 5 uses T68-6 because mix 2 loses Q above about 30 MHz. Filter 1 at 8.43 MHz is as you specified; see 'Your Table' for what your original values imply.

Sheet Your Table
A1: Your original values and the cutoff each one implies
A2: Blue cells are the values you provided. The implied-cutoff columns invert the 0.1 dB Chebyshev formulas, so a row whose columns disagree was designed for a different cutoff than its label.
A4: Listed fc (MHz) | B4: C1 (pF) | C4: L1 (uH) | D4: C2 (pF) | E4: L2 (uH) | F4: C3 (pF) | G4: L3 (uH) | H4: C4 (pF) | I4: fc implied by C1 (MHz) | J4: fc implied by L1 (MHz) | K4: fc implied by C2 (MHz) | L4: fc implied by L2 (MHz)
A5: 8.43 | B5: 470 | C5: 1.46 | D5: 820 | E5: 1.65 | F5: 820 | G5: 1.46 | H5: 470 | I5: =Filters!$B$8/(2*PI()*Filters!$B$5*B5*0.000000000001)/1000000 -> 7.999737 | J5: =Filters!$B$9*Filters!$B$5/(2*PI()*C5*0.000001)/1000000 -> 7.7549881 | K5: =Filters!$B$10/(2*PI()*Filters!$B$5*D5*0.000000000001)/1000000 -> 8.1390285 | L5: =Filters!$B$11*Filters!$B$5/(2*PI()*E5*0.000001)/1000000 -> 7.5883148
A6: 11.4 | B6: 330 | C6: 1.01 | D6: 560 | E6: 1.11 | F6: 560 | G6: 1.01 | H6: 330 | I6: =Filters!$B$8/(2*PI()*Filters!$B$5*B6*0.000000000001)/1000000 -> 11.393565 | J6: =Filters!$B$9*Filters!$B$5/(2*PI()*C6*0.000001)/1000000 -> 11.210181 | K6: =Filters!$B$10/(2*PI()*Filters!$B$5*D6*0.000000000001)/1000000 -> 11.917863 | L6: =Filters!$B$11*Filters!$B$5/(2*PI()*E6*0.000001)/1000000 -> 11.279927
A7: 17.1 | B7: 220 | C7: 0.67 | D7: 390 | E7: 0.74 | F7: 390 | G7: 0.67 | H7: 220 | I7: =Filters!$B$8/(2*PI()*Filters!$B$5*B7*0.000000000001)/1000000 -> 17.090347 | J7: =Filters!$B$9*Filters!$B$5/(2*PI()*C7*0.000001)/1000000 -> 16.898929 | K7: =Filters!$B$10/(2*PI()*Filters!$B$5*D7*0.000000000001)/1000000 -> 17.112829 | L7: =Filters!$B$11*Filters!$B$5/(2*PI()*E7*0.000001)/1000000 -> 16.919891
A8: 25.1 | B8: 150 | C8: 0.46 | D8: 270 | E8: 0.5 | F8: 270 | G8: 0.46 | H8: 150 | I8: =Filters!$B$8/(2*PI()*Filters!$B$5*B8*0.000000000001)/1000000 -> 25.065843 | J8: =Filters!$B$9*Filters!$B$5/(2*PI()*C8*0.000001)/1000000 -> 24.613658 | K8: =Filters!$B$10/(2*PI()*Filters!$B$5*D8*0.000000000001)/1000000 -> 24.718531 | L8: =Filters!$B$11*Filters!$B$5/(2*PI()*E8*0.000001)/1000000 -> 25.041439
A9: 37.6 | B9: 100 | C9: 0.3 | D9: 180 | E9: 0.34 | F9: 180 | G9: 0.3 | H9: 100 | I9: =Filters!$B$8/(2*PI()*Filters!$B$5*B9*0.000000000001)/1000000 -> 37.598764 | J9: =Filters!$B$9*Filters!$B$5/(2*PI()*C9*0.000001)/1000000 -> 37.740942 | K9: =Filters!$B$10/(2*PI()*Filters!$B$5*D9*0.000000000001)/1000000 -> 37.077797 | L9: =Filters!$B$11*Filters!$B$5/(2*PI()*E9*0.000001)/1000000 -> 36.825645
A11: Row 1 (8.43 MHz): the L1/L2 columns imply a cutoff near 7.6-7.8 MHz, about 8-10% below the label. That is fine for 40 m (more harmonic rejection) but check it was intentional.

Sheet Cap BOM
A1: Capacitor BOM: two 1 kV+ NP0 1206 parts in parallel per position
A2: Edit the blue Part A / Part B values (pF). LCSC numbers and stock look up from the 'LCSC Parts' sheet; a value not on that sheet shows 'not verified'. Target pF is linked from the Filters sheet.
A4: Filter | B4: Position | C4: Target (pF) | D4: Part A (pF) | E4: Part A LCSC # | F4: Part B (pF) | G4: Part B LCSC # | H4: Sum (pF) | I4: Error vs target | J4: Positions per filter | K4: Pieces needed | L4: Lowest stock of A/B
A5: =Filters!A23&" ("&Filters!B23&")" -> 1 (40 m) | B5: C1 / C4 | C5: =Filters!H23 -> 446.01143 | D5: 390 | E5: =IFERROR(INDEX('LCSC Parts'!$D$5:$D$12,MATCH(D5,'LCSC Parts'!$A$5:$A$12,0)),"not verified") -> C326659 | F5: 47 | G5: =IFERROR(INDEX('LCSC Parts'!$D$5:$D$12,MATCH(F5,'LCSC Parts'!$A$5:$A$12,0)),"not verified") -> C107176 | H5: =D5+F5 -> 437 | I5: =H5/C5-1 -> -0.020204488 | J5: 2 | K5: =J5*2 -> 4 | L5: =IFERROR(MIN(INDEX('LCSC Parts'!$H$5:$H$12,MATCH(D5,'LCSC Parts'!$A$5:$A$12,0)),INDEX('LCSC Parts'!$H$5:$H$12,MATCH(F5,'LCSC Parts'!$A$5:$A$12,0))),"n/a") -> 14340
A6: =Filters!A23&" ("&Filters!B23&")" -> 1 (40 m) | B6: C2 / C3 | C6: =Filters!J23 -> 791.69672 | D6: 390 | E6: =IFERROR(INDEX('LCSC Parts'!$D$5:$D$12,MATCH(D6,'LCSC Parts'!$A$5:$A$12,0)),"not verified") -> C326659 | F6: 390 | G6: =IFERROR(INDEX('LCSC Parts'!$D$5:$D$12,MATCH(F6,'LCSC Parts'!$A$5:$A$12,0)),"not verified") -> C326659 | H6: =D6+F6 -> 780 | I6: =H6/C6-1 -> -0.014774248 | J6: 2 | K6: =J6*2 -> 4 | L6: =IFERROR(MIN(INDEX('LCSC Parts'!$H$5:$H$12,MATCH(D6,'LCSC Parts'!$A$5:$A$12,0)),INDEX('LCSC Parts'!$H$5:$H$12,MATCH(F6,'LCSC Parts'!$A$5:$A$12,0))),"n/a") -> 14340
A7: =Filters!A24&" ("&Filters!B24&")" -> 2 (30 m) | B7: C1 / C4 | C7: =Filters!H24 -> 329.81372 | D7: 220 | E7: =IFERROR(INDEX('LCSC Parts'!$D$5:$D$12,MATCH(D7,'LCSC Parts'!$A$5:$A$12,0)),"not verified") -> C107175 | F7: 100 | G7: =IFERROR(INDEX('LCSC Parts'!$D$5:$D$12,MATCH(F7,'LCSC Parts'!$A$5:$A$12,0)),"not verified") -> C107173 | H7: =D7+F7 -> 320 | I7: =H7/C7-1 -> -0.029755334 | J7: 2 | K7: =J7*2 -> 4 | L7: =IFERROR(MIN(INDEX('LCSC Parts'!$H$5:$H$12,MATCH(D7,'LCSC Parts'!$A$5:$A$12,0)),INDEX('LCSC Parts'!$H$5:$H$12,MATCH(F7,'LCSC Parts'!$A$5:$A$12,0))),"n/a") -> 37380
A8: =Filters!A24&" ("&Filters!B24&")" -> 2 (30 m) | B8: C2 / C3 | C8: =Filters!J24 -> 585.43889 | D8: 390 | E8: =IFERROR(INDEX('LCSC Parts'!$D$5:$D$12,MATCH(D8,'LCSC Parts'!$A$5:$A$12,0)),"not verified") -> C326659 | F8: 180 | G8: =IFERROR(INDEX('LCSC Parts'!$D$5:$D$12,MATCH(F8,'LCSC Parts'!$A$5:$A$12,0)),"not verified") -> C527266 | H8: =D8+F8 -> 570 | I8: =H8/C8-1 -> -0.026371486 | J8: 2 | K8: =J8*2 -> 4 | L8: =IFERROR(MIN(INDEX('LCSC Parts'!$H$5:$H$12,MATCH(D8,'LCSC Parts'!$A$5:$A$12,0)),INDEX('LCSC Parts'!$H$5:$H$12,MATCH(F8,'LCSC Parts'!$A$5:$A$12,0))),"n/a") -> 5880
A9: =Filters!A25&" ("&Filters!B25&")" -> 3 (20 m) | B9: C1 / C4 | C9: =Filters!H25 -> 219.87581 | D9: 180 | E9: =IFERROR(INDEX('LCSC Parts'!$D$5:$D$12,MATCH(D9,'LCSC Parts'!$A$5:$A$12,0)),"not verified") -> C527266 | F9: 47 | G9: =IFERROR(INDEX('LCSC Parts'!$D$5:$D$12,MATCH(F9,'LCSC Parts'!$A$5:$A$12,0)),"not verified") -> C107176 | H9: =D9+F9 -> 227 | I9: =H9/C9-1 -> 0.032400965 | J9: 2 | K9: =J9*2 -> 4 | L9: =IFERROR(MIN(INDEX('LCSC Parts'!$H$5:$H$12,MATCH(D9,'LCSC Parts'!$A$5:$A$12,0)),INDEX('LCSC Parts'!$H$5:$H$12,MATCH(F9,'LCSC Parts'!$A$5:$A$12,0))),"n/a") -> 5880
A10: =Filters!A25&" ("&Filters!B25&")" -> 3 (20 m) | B10: C2 / C3 | C10: =Filters!J25 -> 390.2926 | D10: 220 | E10: =IFERROR(INDEX('LCSC Parts'!$D$5:$D$12,MATCH(D10,'LCSC Parts'!$A$5:$A$12,0)),"not verified") -> C107175 | F10: 180 | G10: =IFERROR(INDEX('LCSC Parts'!$D$5:$D$12,MATCH(F10,'LCSC Parts'!$A$5:$A$12,0)),"not verified") -> C527266 | H10: =D10+F10 -> 400 | I10: =H10/C10-1 -> 0.024872121 | J10: 2 | K10: =J10*2 -> 4 | L10: =IFERROR(MIN(INDEX('LCSC Parts'!$H$5:$H$12,MATCH(D10,'LCSC Parts'!$A$5:$A$12,0)),INDEX('LCSC Parts'!$H$5:$H$12,MATCH(F10,'LCSC Parts'!$A$5:$A$12,0))),"n/a") -> 5880
A11: =Filters!A26&" ("&Filters!B26&")" -> 4 (17 m + 15 m) | B11: C1 / C4 | C11: =Filters!H26 -> 165.63332 | D11: 100 | E11: =IFERROR(INDEX('LCSC Parts'!$D$5:$D$12,MATCH(D11,'LCSC Parts'!$A$5:$A$12,0)),"not verified") -> C107173 | F11: 68 | G11: =IFERROR(INDEX('LCSC Parts'!$D$5:$D$12,MATCH(F11,'LCSC Parts'!$A$5:$A$12,0)),"not verified") -> C107178 | H11: =D11+F11 -> 168 | I11: =H11/C11-1 -> 0.014288668 | J11: 2 | K11: =J11*2 -> 4 | L11: =IFERROR(MIN(INDEX('LCSC Parts'!$H$5:$H$12,MATCH(D11,'LCSC Parts'!$A$5:$A$12,0)),INDEX('LCSC Parts'!$H$5:$H$12,MATCH(F11,'LCSC Parts'!$A$5:$A$12,0))),"n/a") -> 26900
A12: =Filters!A26&" ("&Filters!B26&")" -> 4 (17 m + 15 m) | B12: C2 / C3 | C12: =Filters!J26 -> 294.00896 | D12: 220 | E12: =IFERROR(INDEX('LCSC Parts'!$D$5:$D$12,MATCH(D12,'LCSC Parts'!$A$5:$A$12,0)),"not verified") -> C107175 | F12: 68 | G12: =IFERROR(INDEX('LCSC Parts'!$D$5:$D$12,MATCH(F12,'LCSC Parts'!$A$5:$A$12,0)),"not verified") -> C107178 | H12: =D12+F12 -> 288 | I12: =H12/C12-1 -> -0.020438015 | J12: 2 | K12: =J12*2 -> 4 | L12: =IFERROR(MIN(INDEX('LCSC Parts'!$H$5:$H$12,MATCH(D12,'LCSC Parts'!$A$5:$A$12,0)),INDEX('LCSC Parts'!$H$5:$H$12,MATCH(F12,'LCSC Parts'!$A$5:$A$12,0))),"n/a") -> 26900
A13: =Filters!A27&" ("&Filters!B27&")" -> 5 (12 m + 10 m) | B13: C1 / C4 | C13: =Filters!H27 -> 119.36115 | D13: 100 | E13: =IFERROR(INDEX('LCSC Parts'!$D$5:$D$12,MATCH(D13,'LCSC Parts'!$A$5:$A$12,0)),"not verified") -> C107173 | F13: 22 | G13: =IFERROR(INDEX('LCSC Parts'!$D$5:$D$12,MATCH(F13,'LCSC Parts'!$A$5:$A$12,0)),"not verified") -> C107174 | H13: =D13+F13 -> 122 | I13: =H13/C13-1 -> 0.022108074 | J13: 2 | K13: =J13*2 -> 4 | L13: =IFERROR(MIN(INDEX('LCSC Parts'!$H$5:$H$12,MATCH(D13,'LCSC Parts'!$A$5:$A$12,0)),INDEX('LCSC Parts'!$H$5:$H$12,MATCH(F13,'LCSC Parts'!$A$5:$A$12,0))),"n/a") -> 168900
A14: =Filters!A27&" ("&Filters!B27&")" -> 5 (12 m + 10 m) | B14: C2 / C3 | C14: =Filters!J27 -> 211.87312 | D14: 180 | E14: =IFERROR(INDEX('LCSC Parts'!$D$5:$D$12,MATCH(D14,'LCSC Parts'!$A$5:$A$12,0)),"not verified") -> C527266 | F14: 27 | G14: =IFERROR(INDEX('LCSC Parts'!$D$5:$D$12,MATCH(F14,'LCSC Parts'!$A$5:$A$12,0)),"not verified") -> C541492 | H14: =D14+F14 -> 207 | I14: =H14/C14-1 -> -0.023000196 | J14: 2 | K14: =J14*2 -> 4 | L14: =IFERROR(MIN(INDEX('LCSC Parts'!$H$5:$H$12,MATCH(D14,'LCSC Parts'!$A$5:$A$12,0)),INDEX('LCSC Parts'!$H$5:$H$12,MATCH(F14,'LCSC Parts'!$A$5:$A$12,0))),"n/a") -> 4880
J15: Total pieces | K15: =SUM(K5:K14) -> 40
A17: Notes
A18: All parts are 1206 NP0/C0G rated 1 kV or higher (the 180 pF part is 2 kV) with an EasyEDA footprint shown on the LCSC page; see 'LCSC Parts' for MPNs, stock and links.
A19: The 1 kV+ values with good stock and a footprint do not include 120, 150, 270 or 330 pF, so some sums are a few percent off the exact target. Errors are within about 3%, similar to part tolerance (+/-5%).
A20: Where a single stocked part matches exactly (filter 3: 220 pF C107175 and 390 pF C326659), you can use that one part instead of a pair; a pair splits RF current and heating.
A21: Positions per filter = 2 because C1 = C4 and C2 = C3. Pieces needed = positions x 2 parts per position.
A22: Peak line voltage at 50 W is about 71 V (106 V at 3:1 SWR), so a 1 kV rating is far more than needed; see Filters!B17 and B19.

Sheet LCSC Parts
A1: LCSC capacitors checked: 1206, NP0/C0G, 1 kV or higher, EasyEDA footprint shown
A2: Stock and footprint status are from the LCSC product pages on 2026-10-11 and will change; recheck before ordering. The EasyEDA footprint was a diagram on each LCSC page; confirm it when you place the part in EasyEDA.
A4: Value (pF) | B4: MPN | C4: Manufacturer | D4: LCSC # | E4: Rated voltage (V) | F4: Dielectric | G4: Package | H4: Stock when checked | I4: EasyEDA footprint | J4: Qty needed (from Cap BOM) | K4: Link
A5: 22 | B5: CC1206JKNPOCBN220 | C5: YAGEO | D5: C107174 | E5: 1000 | F5: NP0 | G5: 1206 | H5: 347100 | I5: Yes (diagram on LCSC page) | J5: =SUMPRODUCT(('Cap BOM'!$D$5:$D$14=A5)*'Cap BOM'!$J$5:$J$14)+SUMPRODUCT(('Cap BOM'!$F$5:$F$14=A5)*'Cap BOM'!$J$5:$J$14) -> 2 | K5: https://www.lcsc.com/product-detail/C107174.html
A6: 27 | B6: CC1206JKNPOCBN270 | C6: YAGEO | D6: C541492 | E6: 1000 | F6: NP0 | G6: 1206 | H6: 4880 | I6: Yes (diagram on LCSC page) | J6: =SUMPRODUCT(('Cap BOM'!$D$5:$D$14=A6)*'Cap BOM'!$J$5:$J$14)+SUMPRODUCT(('Cap BOM'!$F$5:$F$14=A6)*'Cap BOM'!$J$5:$J$14) -> 2 | K6: https://www.lcsc.com/product-detail/C541492.html
A7: 47 | B7: CC1206JKNPOCBN470 | C7: YAGEO | D7: C107176 | E7: 1000 | F7: NP0 | G7: 1206 | H7: 47840 | I7: Yes (diagram on LCSC page) | J7: =SUMPRODUCT(('Cap BOM'!$D$5:$D$14=A7)*'Cap BOM'!$J$5:$J$14)+SUMPRODUCT(('Cap BOM'!$F$5:$F$14=A7)*'Cap BOM'!$J$5:$J$14) -> 4 | K7: https://www.lcsc.com/product-detail/C107176.html
A8: 68 | B8: CC1206JKNPOCBN680 | C8: YAGEO | D8: C107178 | E8: 1000 | F8: NP0 | G8: 1206 | H8: 26900 | I8: Yes (diagram on LCSC page) | J8: =SUMPRODUCT(('Cap BOM'!$D$5:$D$14=A8)*'Cap BOM'!$J$5:$J$14)+SUMPRODUCT(('Cap BOM'!$F$5:$F$14=A8)*'Cap BOM'!$J$5:$J$14) -> 4 | K8: https://www.lcsc.com/product-detail/C107178.html
A9: 100 | B9: CC1206JKNPOCBN101 | C9: YAGEO | D9: C107173 | E9: 1000 | F9: NP0 | G9: 1206 | H9: 168900 | I9: Yes (diagram on LCSC page) | J9: =SUMPRODUCT(('Cap BOM'!$D$5:$D$14=A9)*'Cap BOM'!$J$5:$J$14)+SUMPRODUCT(('Cap BOM'!$F$5:$F$14=A9)*'Cap BOM'!$J$5:$J$14) -> 6 | K9: https://www.lcsc.com/product-detail/C107173.html
A10: 180 | B10: CC1206JKNPODBN181 | C10: YAGEO | D10: C527266 | E10: 2000 | F10: NP0 | G10: 1206 | H10: 5880 | I10: Yes (diagram on LCSC page) | J10: =SUMPRODUCT(('Cap BOM'!$D$5:$D$14=A10)*'Cap BOM'!$J$5:$J$14)+SUMPRODUCT(('Cap BOM'!$F$5:$F$14=A10)*'Cap BOM'!$J$5:$J$14) -> 8 | K10: https://www.lcsc.com/product-detail/C527266.html
A11: 220 | B11: CC1206JKNPOCBN221 | C11: YAGEO | D11: C107175 | E11: 1000 | F11: NP0 | G11: 1206 | H11: 37380 | I11: Yes (diagram on LCSC page) | J11: =SUMPRODUCT(('Cap BOM'!$D$5:$D$14=A11)*'Cap BOM'!$J$5:$J$14)+SUMPRODUCT(('Cap BOM'!$F$5:$F$14=A11)*'Cap BOM'!$J$5:$J$14) -> 6 | K11: https://www.lcsc.com/product-detail/C107175.html
A12: 390 | B12: CC1206JKNPOCBN391 | C12: YAGEO | D12: C326659 | E12: 1000 | F12: NP0 | G12: 1206 | H12: 14340 | I12: Yes (diagram on LCSC page) | J12: =SUMPRODUCT(('Cap BOM'!$D$5:$D$14=A12)*'Cap BOM'!$J$5:$J$14)+SUMPRODUCT(('Cap BOM'!$F$5:$F$14=A12)*'Cap BOM'!$J$5:$J$14) -> 8 | K12: https://www.lcsc.com/product-detail/C326659.html
A14: Checked but not used
A15: Value (pF) | B15: MPN | C15: Manufacturer | D15: LCSC # | E15: Rated voltage (V) | F15: Dielectric | G15: Package | H15: Stock when checked | I15: EasyEDA footprint | J15: Why not used | K15: Link
A16: 470 | B16: CC1206JKNPOCBN471 | C16: YAGEO | D16: C107177 | E16: 1000 | F16: NP0 | G16: 1206 | H16: 240 | I16: Yes (diagram on LCSC page) | J16: Low stock | K16: https://www.lcsc.com/product-detail/C107177.html
A17: 820 | B17: CC1206JKNPOCBN821 | C17: YAGEO | D17: C527262 | E17: 1000 | F17: NP0 | G17: 1206 | H17: 13,900 | I17: Image shown, library says 'Not drawn yet' | J17: EasyEDA footprint not drawn | K17: https://www.lcsc.com/product-detail/C527262.html
A18: 10 | B18: 1206N100J102CT | C18: Walsin | D18: C77525 | E18: 1000 | F18: NP0 | G18: 1206 | H18: 8,540 | I18: Yes (diagram on LCSC page) | J18: Not needed | K18: https://www.lcsc.com/product-detail/C77525.html
A19: 390 | B19: 1206N391J102CT | C19: Walsin | D19: C77529 | E19: 1000 | F19: NP0 | G19: 1206 | H19: 0 | I19: Yes (diagram on LCSC page) | J19: Out of stock | K19: https://www.lcsc.com/product-detail/C77529.html
A20: 680 | B20: 1206N681J102CT | C20: Walsin | D20: C384716 | E20: 1000 | F20: NP0 | G20: 1206 | H20: 0 | I20: Yes (diagram on LCSC page) | J20: Out of stock | K20: https://www.lcsc.com/product-detail/C384716.html

Sheet Notes
A1: Design notes and open items
A3: Provided by you
A4: Power 50 W, bands 40 m - 10 m, T68 toroids (T68-2 at 5.7 nH/turn^2, 20 AWG magnet wire), and a Class E amplifier planned later.
A5: Original five-filter table (see 'Your Table'). Capacitors must be C0G/NP0, 1206, 1-3 kV, from LCSC, with an EasyEDA footprint.
A7: Grouping logic
A8: Filters 1-3 cover 40, 30 and 20 m individually. 17 + 15 m share filter 4 and 12 + 10 m share filter 5 to save space.
A9: Your original 25.1 MHz and 37.6 MHz cutoffs gave only about 32 dB and 25 dB of 2nd-harmonic rejection at the lowest band in each group. Moving them to 22.7 and 31.5 MHz brings both to about 40 dB or better (see Filters, columns O-Q).
A11: Capacitor sourcing
A12: Parts and stock were checked on LCSC product pages on 2026-10-11. The Yageo CC1206JKNPOCBN series (1 kV NP0, 1206) has the best stock; 180 pF comes from the 2 kV Yageo DBN part.
A13: 820 pF (C527262) is excluded because LCSC's EasyEDA library shows 'Not drawn yet'; 470 pF (C107177) is excluded for low stock (240).
A14: The LCSC category page could not be filtered through my tools, so this list is built from individual part pages and is not a complete survey of what LCSC stocks.
A16: Class E considerations
... A27: Measure each wound inductor and each finished filter on a NanoVNA before installing; trim by squeezing or spreading inductor turns.
